customer_key,customer_name,nb_commandes,ca_total,panier_moyen,premiere_commande,derniere_commande,nb_categories,cluster
3873,Sean Miller,5,25043.07,1669.538,2015-03-17,2018-10-11,3,2
3914,Tamara Chand,5,19052.22,1587.685,2015-11-06,2017-11-25,2,2
3794,Raymond Buch,6,15117.35,839.8527777777778,2017-03-31,2018-09-24,3,2
3903,Tom Ashbrook,4,14595.62,1459.562,2015-09-11,2018-10-21,3,2
3179,Adrian Barton,10,14473.57,723.6785,2015-12-19,2018-11-18,3,2
3607,Ken Lonsdale,12,14175.23,488.8010344827586,2015-07-24,2018-11-12,3,2
3842,Sanjit Chand,9,14142.34,642.8336363636364,2015-02-11,2018-01-14,3,2
3500,Hunter Lopez,6,12873.3,1170.3,2015-01-19,2018-11-16,3,2
3856,Sanjit Engle,11,12209.44,642.6021052631579,2015-04-10,2018-12-20,3,2
3304,Christopher Conant,5,12129.08,1102.6436363636365,2017-05-22,2018-11-16,3,2
3937,Todd Sumrall,6,11891.75,792.7833333333333,2015-10-27,2018-11-23,3,2
3484,Greg Tran,11,11820.12,407.5903448275862,2015-05-22,2018-11-23,3,2
3263,Becky Martin,4,11789.64,736.8525,2015-09-07,2018-02-25,3,2
3893,Seth Vernon,10,11470.94,358.466875,2015-01-10,2018-09-19,3,2
3319,Caroline Jumper,8,11164.97,558.2485,2017-03-09,2018-06-23,3,2
3325,Clay Ludtke,12,10880.56,388.5914285714286,2015-03-03,2018-03-20,3,2
3670,Maria Etezadi,10,10663.73,484.715,2015-01-05,2018-11-17,3,2
3600,Karen Ferguson,7,10604.26,589.1255555555556,2015-09-25,2018-09-23,3,2
3277,Bill Shonely,5,10501.65,1166.85,2015-05-03,2017-06-19,3,2
3430,Edward Hooks,10,9940.37,368.16185185185185,2015-10-17,2018-08-16,2,2
3560,John Lee,10,9576.36,290.19272727272727,2015-04-17,2018-12-08,3,0
3483,Grant Thornton,3,9351.2,1558.5333333333333,2015-06-05,2018-11-03,3,2
3910,Tom Boeckenhauer,6,9108.74,569.29625,2015-02-02,2018-06-10,3,2
3761,Peter Fuller,4,9062.86,476.9926315789474,2015-05-04,2016-09-16,3,2
3333,Christopher Martinez,4,8954.01,895.401,2016-03-15,2018-11-22,3,2
3525,Justin Deggeller,8,8828.04,519.2964705882353,2015-11-15,2018-11-18,3,2
3528,Joe Elijah,10,8697.86,395.35727272727274,2015-08-24,2018-11-13,3,0
3620,Laura Armstrong,11,8673.23,333.58576923076924,2015-04-28,2018-07-28,3,0
3770,Pete Kriz,12,8646.93,345.8772,2015-11-10,2018-12-20,3,0
3409,Daniel Raglin,8,8350.87,642.3746153846154,2015-03-27,2018-11-09,3,2
3595,Karen Daniels,5,8282.36,517.6475,2015-11-10,2017-09-01,3,2
3729,Nick Crebassa,7,8241.74,549.4493333333334,2015-07-22,2018-12-23,3,2
3501,Harry Marie,10,8236.76,411.838,2015-07-20,2018-12-27,3,0
3597,Keith Dawkins,12,8181.24,292.1871428571429,2015-09-27,2018-09-08,3,0
3733,Natalie Fritzler,6,8080.47,621.5746153846154,2015-02-10,2018-10-11,3,2
3839,Sean Braxton,7,8057.89,473.9935294117647,2015-05-08,2018-11-12,3,2
3964,Zuschuss Carroll,13,8025.7,258.89354838709676,2015-10-12,2018-11-05,3,0
3544,Joseph Holt,6,7954.99,568.2135714285714,2015-08-08,2018-11-30,3,2
3746,Nora Preis,7,7903.18,607.9369230769231,2015-09-04,2018-08-13,3,2
3207,Anna Häberlin,12,7888.3,342.9695652173913,2015-04-01,2017-11-14,3,0
3178,Adam Bellavance,8,7755.63,430.86833333333334,2016-09-17,2018-11-05,3,2
3527,Jim Epp,7,7754.97,387.7485,2015-10-13,2018-11-11,3,0
3583,Jane Waco,6,7721.71,551.5507142857143,2016-04-29,2018-11-17,3,2
3624,Lena Creighton,12,7663.13,333.1795652173913,2015-04-24,2018-12-13,3,0
3567,John Murray,7,7625.07,586.5438461538462,2015-11-18,2018-09-11,3,2
3522,Jonathan Doherty,11,7610.87,237.8396875,2015-03-25,2017-11-30,3,0
3775,Patrick O'Brill,11,7473.84,339.72,2015-11-01,2018-12-25,3,0
3709,Maribeth Schnelling,10,7443.68,310.1533333333333,2015-09-08,2018-03-31,3,0
3833,Rick Wilson,7,7397.4,321.62608695652176,2016-02-02,2018-08-31,3,0
3265,Brian Moss,11,7294.18,251.52344827586208,2015-07-08,2018-11-26,3,0
3779,Paul Prost,10,7252.61,213.3120588235294,2015-08-25,2018-09-23,3,0
3750,Natalie Webber,7,7234.02,328.8190909090909,2015-06-20,2018-07-10,3,0
3406,Dean percer,11,7198.77,248.23344827586206,2015-05-25,2018-10-06,3,0
3458,Fred Hopkins,8,6987.2,537.4769230769231,2015-10-19,2018-12-24,3,2
3816,Rick Huthwaite,6,6979.18,581.5983333333334,2015-11-15,2017-09-18,3,2
3783,Penelope Sewall,7,6843.63,526.4330769230769,2015-12-19,2018-05-07,3,2
3238,Brenda Bowman,9,6765.73,338.2865,2016-06-04,2018-12-01,3,0
3529,Joel Eaton,13,6760.81,293.9482608695652,2015-06-21,2018-11-08,3,0
3963,Yana Sorensen,8,6720.44,560.0366666666666,2016-01-11,2018-12-20,3,2
3221,Andy Reiter,6,6608.45,734.2722222222222,2015-11-24,2018-12-23,3,2
3408,Dan Reichenbach,9,6528.03,272.00125,2016-09-24,2018-12-26,3,0
3475,Grace Kelly,9,6497.28,464.0914285714286,2015-06-24,2018-09-08,3,0
3512,Joseph Airdo,8,6491.03,270.45958333333334,2015-09-16,2018-09-28,3,0
3741,Nathan Mautz,7,6459.34,461.38142857142856,2015-02-07,2018-07-22,3,0
3949,Valerie Dominguez,6,6442.26,402.64125,2015-08-03,2017-05-27,3,0
3838,Sarah Brown,6,6411.0,534.25,2015-09-19,2018-06-24,3,2
3538,James Galang,11,6366.4,353.68888888888887,2015-05-29,2018-12-28,3,0
3397,Darrin Martin,7,6345.09,317.2545,2015-09-13,2018-11-02,3,0
3689,Max Jones,7,6320.75,421.3833333333333,2016-06-08,2018-12-07,2,0
3261,Brosina Hoffman,8,6255.34,260.63916666666665,2015-06-08,2018-12-06,3,0
3820,Rob Lucas,8,6234.91,259.78791666666666,2015-12-04,2018-08-30,3,0
3959,Victoria Wilson,10,6134.04,340.78,2015-05-10,2018-12-01,3,0
3960,William Brown,10,6129.71,175.13457142857143,2015-11-03,2018-12-09,3,0
3855,Shirley Daniels,9,6121.1,291.4809523809524,2015-01-25,2018-06-12,3,0
3788,Quincy Jones,9,6108.34,469.8723076923077,2015-03-16,2018-12-04,3,0
3188,Alan Dominguez,8,6106.88,508.9066666666667,2015-11-18,2018-11-30,3,0
3480,Greg Maxwell,3,6049.96,549.9963636363636,2015-04-04,2018-09-03,3,2
3846,Shahid Collister,9,5992.53,299.6265,2015-02-28,2018-11-29,3,0
3605,Kristen Hastings,7,5990.79,399.386,2015-03-20,2018-12-27,2,0
3822,Robert Marley,5,5979.09,543.5536363636363,2015-11-13,2018-12-23,3,2
3255,Ben Ferrer,11,5907.97,218.8137037037037,2015-04-12,2018-12-13,3,0
3335,Corinna Mitchell,5,5890.51,736.31375,2016-11-02,2018-12-02,3,2
3339,Christine Phan,7,5817.21,415.515,2015-03-16,2018-07-22,3,0
3298,Cassandra Brandow,9,5730.68,260.48545454545456,2015-03-20,2018-11-12,3,0
3240,Bill Donatelli,12,5718.53,300.97526315789474,2016-05-30,2018-11-26,3,0
3354,Cindy Stewart,6,5690.07,632.23,2015-03-25,2018-11-01,2,2
3214,Anne McFarland,8,5664.02,257.45545454545453,2015-10-30,2018-07-20,3,0
3800,Ross Baird,8,5633.31,312.96166666666664,2015-06-02,2018-11-27,3,0
3609,Katherine Murray,8,5620.18,281.009,2015-07-19,2018-11-03,3,0
3173,Alex Avila,5,5563.56,505.7781818181818,2015-03-30,2018-06-28,3,2
3743,Naresj Patel,6,5529.62,263.3152380952381,2015-05-12,2018-12-04,3,0
3185,Amy Cox,7,5527.85,614.2055555555555,2015-10-30,2018-12-18,2,2
3688,Mick Hernandez,9,5503.09,250.14045454545453,2017-08-22,2018-12-24,3,0
3407,Dennis Pardue,9,5480.73,391.48071428571427,2015-07-04,2018-01-05,2,0
3448,Emily Phan,17,5478.06,176.7116129032258,2015-07-05,2018-12-17,3,0
3962,Yoseph Carroll,5,5454.35,681.79375,2015-11-16,2018-12-25,3,2
3880,Stefania Perrino,9,5440.32,226.68,2015-09-07,2018-11-12,3,0
3654,Luke Weiss,7,5420.52,361.368,2015-09-11,2018-12-08,3,0
3338,Cathy Prescott,8,5402.25,385.875,2015-12-03,2018-10-08,3,0
3935,Thomas Seio,7,5371.11,282.69,2015-03-20,2018-06-14,3,0
3945,Tonja Turnell,7,5364.8,383.2,2016-12-07,2018-12-17,3,0
3719,Mitch Webber,7,5341.9,381.5642857142857,2015-08-24,2018-12-12,3,0
3930,Tom Prescott,5,5328.98,532.898,2016-11-27,2018-09-16,3,2
3946,Tamara Willingham,7,5278.82,439.90166666666664,2015-12-21,2018-10-26,3,0
3415,Dianna Wilson,5,5271.63,479.2390909090909,2015-05-31,2018-05-26,3,1
3720,Mitch Willingham,2,5253.88,1751.2933333333333,2015-05-20,2018-11-15,2,2
3505,Harold Ryan,7,5248.8,374.9142857142857,2015-11-23,2018-07-23,3,0
3603,Keith Herrera,6,5229.7,261.485,2015-08-14,2018-12-07,3,0
3851,Steven Cartwright,11,5226.2,201.0076923076923,2015-06-02,2018-06-25,3,0
3826,Resi Pölking,12,5153.06,206.1224,2015-05-23,2018-11-26,3,0
3642,Lena Radford,6,5142.89,321.430625,2015-08-07,2018-12-03,3,0
3176,Anna Andreadi,6,5086.94,282.60777777777776,2015-06-21,2018-11-04,3,0
3509,Ivan Liston,7,5040.74,360.05285714285714,2015-07-31,2018-08-09,3,0
3606,Kelly Lampkin,8,5016.47,228.02136363636365,2015-06-14,2018-12-13,3,0
3622,Laurel Beltran,8,4985.68,207.73666666666668,2015-04-22,2018-07-30,3,0
3511,Irene Maddox,7,4930.49,234.7852380952381,2015-12-18,2017-12-04,3,0
3942,Ted Trevino,7,4915.59,351.11357142857145,2015-05-17,2018-11-28,3,0
3611,Kunst Miller,8,4909.47,175.3382142857143,2015-03-29,2018-12-01,3,0
3777,Philisse Overcash,9,4893.05,271.8361111111111,2016-08-10,2018-07-22,3,0
3499,Heather Kirkland,8,4877.8,325.18666666666667,2015-06-09,2018-07-31,3,0
3209,Anthony Jacobs,7,4867.34,324.4893333333333,2015-01-09,2018-10-15,3,0
3506,Helen Wasserman,7,4827.93,321.862,2016-09-26,2018-09-03,3,0
3204,Alan Hwang,9,4805.35,369.64230769230767,2015-11-28,2018-12-23,2,0
3388,Dean Katz,9,4802.39,252.75736842105263,2015-03-13,2018-12-19,3,0
3791,Russell Applegate,9,4793.53,217.88772727272726,2015-06-29,2018-12-17,3,0
3553,Joe Kamberova,9,4769.91,251.0478947368421,2015-11-17,2018-10-06,3,0
3836,Sue Ann Reed,10,4767.34,227.01619047619047,2015-02-21,2018-10-27,3,0
3552,Jim Kriz,9,4760.44,396.7033333333333,2015-09-18,2018-07-02,2,0
3707,Mike Pelletier,8,4757.34,264.2966666666667,2015-11-24,2018-12-13,3,0
3291,Bart Watters,8,4750.36,279.4329411764706,2016-03-19,2018-08-30,3,0
3911,Tracy Blumstein,9,4737.48,236.874,2015-10-16,2018-09-13,3,0
3468,Giulietta Baptist,5,4716.3,294.76875,2016-06-11,2018-12-16,3,1
3796,Rick Bensley,12,4715.47,205.0204347826087,2015-03-13,2018-12-20,3,0
3451,Erin Smith,9,4657.93,232.8965,2015-10-01,2018-12-01,3,0
3366,Deborah Brumfield,8,4655.9,358.1461538461538,2015-02-03,2018-11-06,3,0
3617,Kean Thornton,10,4642.1,357.0846153846154,2015-03-09,2018-09-20,3,0
3841,Sample Company A,9,4624.57,308.30466666666666,2015-03-17,2018-11-19,3,0
3445,Eugene Moren,6,4588.44,218.49714285714285,2015-07-18,2018-11-11,3,1
3223,Anthony Rawles,8,4523.33,347.9484615384615,2015-06-29,2018-11-01,3,0
3199,Arthur Gainer,10,4510.79,214.7995238095238,2015-07-22,2018-09-24,3,0
3210,Anthony Johnson,7,4501.39,214.35190476190476,2015-05-13,2018-07-16,3,0
3625,Linda Cazamias,8,4492.94,320.9242857142857,2015-02-19,2018-11-18,3,0
3852,Stewart Carmichael,7,4492.68,213.93714285714285,2016-06-19,2018-11-18,3,0
3875,Suzanne McNair,11,4464.87,223.2435,2015-09-28,2018-12-04,2,0
3929,Theone Pippenger,9,4454.06,278.37875,2016-04-13,2018-12-21,3,0
3660,Mark Cousins,5,4432.14,443.214,2015-05-29,2017-11-25,3,1
3618,Katrina Willman,5,4416.52,441.652,2016-08-23,2018-09-24,3,1
3241,Bradley Drucker,6,4411.25,441.125,2015-01-31,2018-11-24,3,0
3208,Arianne Irving,10,4375.79,243.09944444444446,2015-04-27,2018-12-16,3,0
3843,Scot Coram,4,4371.96,397.4509090909091,2017-06-05,2018-08-02,3,1
3487,Gary Zandusky,9,4355.15,311.08214285714286,2015-08-04,2018-12-22,3,0
3885,Steven Roelle,8,4345.88,362.1566666666667,2015-02-19,2018-06-16,3,0
3731,Natalie DeCherney,9,4326.14,240.3411111111111,2015-01-12,2018-12-02,3,0
3655,Matt Abelman,11,4299.16,126.44588235294118,2015-08-07,2018-10-26,3,0
3882,Sung Pak,10,4282.92,178.455,2015-12-14,2018-10-11,3,0
3384,Dana Kaydos,5,4282.16,285.4773333333333,2016-03-07,2018-11-14,3,1
3803,Rick Duston,8,4272.94,284.86266666666666,2015-06-07,2018-10-18,3,0
3916,Toby Carlisle,8,4266.81,266.675625,2015-10-13,2018-12-02,3,0
3548,Jamie Kunitz,4,4262.29,355.19083333333333,2016-09-26,2018-10-29,3,1
3227,Alan Schoenberger,5,4260.78,327.7523076923077,2015-10-17,2018-12-07,3,1
3456,Frank Hawley,10,4256.28,202.68,2015-04-05,2018-11-22,3,0
3300,Claudia Bergmann,8,4246.46,223.4978947368421,2016-01-01,2018-06-15,3,0
3925,Tracy Hopkins,7,4234.1,325.7,2015-04-04,2018-10-18,3,0
3248,Bill Eplett,5,4204.68,467.18666666666667,2017-01-14,2018-09-01,3,1
3536,Jill Fjeld,8,4198.32,262.395,2015-10-10,2018-11-05,3,0
3472,Gary Hwang,4,4172.84,417.284,2015-06-16,2018-11-09,3,1
3831,Roland Schwarz,8,4159.77,297.12642857142856,2015-04-06,2018-11-23,3,0
3363,Dave Brooks,6,4151.51,415.151,2015-02-28,2018-12-13,3,1
3773,Peter McVee,4,4115.66,587.9514285714286,2016-12-18,2018-11-08,3,1
3894,Stewart Visinsky,9,4105.32,164.2128,2015-04-11,2018-02-12,3,0
3398,Denise Monton,8,4074.47,313.4207692307692,2015-11-02,2018-12-07,3,0
3463,Frank Preis,8,4046.75,289.05357142857144,2015-12-06,2018-12-06,3,0
3883,Susan Pistek,6,3990.67,285.04785714285714,2015-11-21,2018-10-20,3,1
3336,Craig Molinari,4,3984.45,306.49615384615385,2015-03-06,2016-02-29,3,1
3706,Michael Paige,9,3983.65,199.1825,2016-04-17,2018-10-18,3,0
3867,Sanjit Jacobs,12,3949.65,164.56875,2016-09-21,2018-09-25,3,0
3632,Luke Foster,7,3930.52,245.6575,2015-07-25,2018-12-07,3,0
3787,Pierre Wener,7,3922.41,326.8675,2015-11-17,2017-09-21,3,0
3604,Ken Heidel,9,3918.96,230.52705882352942,2015-10-31,2018-11-01,2,0
3369,Dorothy Badders,7,3908.8,279.2,2015-04-20,2018-09-13,3,0
3744,Nora Paige,5,3908.4,390.84,2016-02-26,2018-11-01,3,1
3593,Kelly Collister,4,3908.27,781.654,2016-11-01,2018-09-23,3,2
3454,Fred Chung,7,3889.36,388.936,2015-10-09,2018-06-28,3,0
3278,Bill Stewart,5,3887.82,299.06307692307695,2015-11-28,2018-12-01,3,1
3580,John Stevenson,5,3868.01,429.7788888888889,2015-04-07,2017-07-13,3,1
3232,Annie Thurman,10,3831.87,239.491875,2015-08-29,2018-12-16,3,0
3753,Olvera Toch,5,3818.62,381.862,2016-04-19,2018-10-25,2,3
3824,Rose O'Brian,7,3815.47,317.9558333333333,2016-05-11,2018-11-24,3,0
3665,Michael Chen,7,3805.71,271.8364285714286,2015-07-04,2018-12-28,3,0
3465,George Ashbrook,5,3797.23,379.723,2016-04-16,2018-08-02,3,1
3293,Carol Adams,6,3789.72,378.972,2015-01-25,2018-09-24,3,1
3675,Matthew Grinstein,7,3785.28,270.37714285714287,2015-08-08,2018-11-30,3,0
3551,Jim Karlsson,7,3760.03,313.3358333333333,2015-05-30,2018-10-29,3,0
3554,Juliana Krohn,3,3747.66,416.4066666666667,2016-04-20,2018-12-01,3,1
3460,Frank Merwin,9,3736.2,186.81,2015-08-25,2018-11-23,2,0
3844,Scott Cohen,8,3729.8,207.2111111111111,2015-04-05,2018-06-25,3,0
3496,Hunter Glantz,7,3690.28,335.48,2015-10-13,2018-12-23,3,0
3274,Ben Peterman,9,3675.86,204.21444444444444,2016-03-23,2018-12-28,3,0
3303,Chris Cortes,11,3670.27,174.7747619047619,2015-09-08,2018-12-09,3,0
3351,Christopher Schild,9,3651.86,260.84714285714284,2015-09-25,2018-12-27,3,0
3845,Sean Christensen,6,3650.47,365.047,2016-01-26,2018-11-30,3,1
3419,Ed Braxton,9,3644.97,303.7475,2015-07-07,2018-11-11,3,0
3698,Michael Moore,10,3640.25,242.68333333333334,2015-01-12,2018-12-22,3,0
3573,Jeremy Pistek,7,3635.59,227.224375,2015-08-21,2018-12-21,3,0
3902,Sam Zeldin,11,3625.34,181.267,2015-09-06,2018-11-24,3,0
3815,Rick Hansen,5,3621.38,452.6725,2015-08-22,2018-11-27,3,1
3722,Muhammed Yedwab,10,3601.88,189.57263157894738,2015-04-27,2018-10-19,3,0
3905,Thomas Boland,4,3589.29,326.2990909090909,2015-12-07,2018-11-01,3,1
3476,Gary McGarr,7,3582.82,325.71090909090907,2015-03-20,2018-10-07,3,0
3790,Ruben Ausman,6,3546.23,272.7869230769231,2015-04-07,2018-11-04,3,1
3394,Dionis Lloyd,8,3539.32,294.9433333333333,2016-12-24,2018-10-14,3,0
3450,Erica Smith,5,3510.46,438.8075,2015-09-19,2018-11-19,3,1
3835,Robert Waldorf,5,3495.64,233.04266666666666,2017-05-29,2018-10-11,2,3
3197,Anna Gayman,7,3489.06,232.604,2016-05-06,2018-09-23,3,0
3378,Dave Hallsten,5,3487.19,193.73277777777778,2015-11-20,2018-03-27,3,1
3428,Emily Ducich,8,3484.91,248.92214285714286,2015-08-08,2018-08-16,3,0
3786,Pauline Webber,10,3454.91,265.7623076923077,2015-05-15,2018-11-13,3,0
3858,Sarah Foster,9,3422.78,228.18533333333335,2015-12-22,2018-10-31,3,0
3453,Frank Carlisle,7,3418.74,244.19571428571427,2016-06-12,2018-10-20,3,0
3860,Sandra Glassco,3,3406.58,309.6890909090909,2016-10-30,2018-12-21,3,1
3941,Trudy Schmidt,5,3368.08,240.57714285714286,2016-02-05,2018-05-05,3,1
3840,Sam Craven,5,3362.96,197.82117647058823,2015-03-02,2016-11-09,3,1
3956,Victoria Pisteka,7,3360.54,240.03857142857143,2015-09-05,2018-10-15,3,0
3382,Doug Jacobs,3,3356.4,419.55,2016-12-13,2018-12-17,3,1
3859,Sylvia Foulston,9,3336.53,196.2664705882353,2015-10-20,2018-11-11,3,0
3372,Dan Campbell,9,3336.17,185.34277777777777,2015-07-04,2018-11-22,3,0
3217,Arthur Prichep,10,3323.55,107.21129032258065,2015-08-22,2018-09-22,3,0
3389,Dennis Kane,8,3318.49,144.28217391304347,2015-09-06,2018-12-10,3,0
3601,Katharine Harms,8,3312.87,184.04833333333335,2015-03-31,2018-11-19,3,0
3812,Randy Ferguson,8,3309.14,206.82125,2015-05-19,2017-12-04,3,0
3829,Rick Reed,6,3302.26,330.226,2015-09-08,2018-07-12,3,1
3280,Brian Stugart,3,3288.12,298.92,2015-06-22,2017-05-26,3,1
3834,Rob Williams,9,3279.75,204.984375,2015-06-27,2018-10-01,3,0
3391,Daniel Lacy,6,3272.2,233.72857142857143,2015-09-08,2018-11-02,3,1
3383,Damala Kotsonis,12,3256.48,120.61037037037038,2015-03-25,2018-12-08,3,0
3225,Adam Shillingsburg,9,3255.3,130.212,2015-09-21,2018-12-01,3,0
3569,Jack O'Briant,9,3254.95,250.38076923076923,2015-01-05,2018-11-02,3,0
3413,Dianna Vittorini,5,3254.48,250.3446153846154,2015-06-21,2018-11-30,2,3
3201,Adam Hart,10,3250.35,162.5175,2015-11-15,2018-11-25,3,0
3495,Henry Goldwyn,12,3247.65,191.03823529411764,2015-09-19,2018-12-06,3,0
3626,Lindsay Castell,4,3246.63,463.8042857142857,2016-02-22,2017-10-19,2,3
3355,Carol Triggs,8,3241.9,180.10555555555555,2015-05-06,2018-09-24,3,0
3420,Edward Becker,10,3236.32,161.816,2016-03-11,2018-11-24,3,0
3884,Sharelle Roach,5,3233.48,359.27555555555557,2015-06-13,2018-12-21,3,1
3652,Lindsay Williams,6,3230.3,293.6636363636364,2017-05-04,2018-11-26,3,1
3830,Ricardo Sperren,5,3221.29,357.9211111111111,2015-08-04,2018-10-14,2,3
3229,Alejandro Savely,6,3214.24,401.78,2017-05-20,2018-12-10,3,1
3350,Christine Sundaresam,11,3202.16,145.55272727272728,2015-08-14,2018-12-23,3,0
3288,Brian Thompson,7,3196.75,159.8375,2015-11-27,2018-12-09,3,1
3377,Deirdre Greer,5,3195.82,399.4775,2015-10-31,2018-11-27,3,1
3559,Jeremy Lonsdale,6,3173.87,186.69823529411764,2015-11-13,2018-11-10,3,1
3479,Greg Matthias,6,3163.63,287.6027272727273,2015-05-09,2018-07-30,3,1
3562,Janet Martin,6,3159.11,166.26894736842104,2017-03-28,2018-11-22,3,1
3320,Chloris Kastensmidt,13,3154.83,98.5884375,2015-03-10,2018-11-20,3,0
3587,Karen Bern,7,3152.61,315.261,2015-03-30,2018-12-25,3,0
3712,Maxwell Schwartz,9,3144.67,165.50894736842105,2015-07-03,2018-08-30,3,0
3808,Ruben Dartt,9,3133.92,149.2342857142857,2015-04-04,2018-09-06,3,0
3928,Tanja Norvell,7,3130.23,260.8525,2015-10-09,2018-09-30,3,0
3877,Steve Nguyen,7,3127.97,164.63,2015-05-05,2018-10-11,3,1
3862,Speros Goranitis,5,3118.9,259.90833333333336,2015-11-02,2018-09-12,3,1
3641,Liz Preis,6,3104.44,238.80307692307693,2017-09-07,2018-12-20,3,1
3602,Katherine Hughes,6,3100.6,221.47142857142856,2015-04-28,2018-12-28,3,1
3764,Patrick Gardner,13,3086.9,118.72692307692307,2015-05-08,2018-11-23,3,0
3434,Eugene Hildebrand,10,3082.64,171.2577777777778,2015-10-18,2018-07-30,3,0
3477,Gary Mitchum,6,3078.63,256.5525,2015-04-10,2018-12-13,3,1
3425,Eugene Barchas,6,3071.14,279.19454545454545,2016-04-12,2018-09-07,3,1
3680,Mike Gockenbach,4,3061.54,382.6925,2015-03-28,2018-10-06,3,1
3920,Toby Gnade,5,3058.38,339.82,2016-03-08,2018-01-26,3,1
3616,Kean Takahito,7,3057.1,218.36428571428573,2015-09-07,2017-12-03,3,1
3887,Shahid Shariari,6,3056.81,254.73416666666665,2015-05-29,2018-09-10,3,1
3224,Aaron Smayling,7,3050.69,305.069,2015-07-26,2018-10-02,3,0
3871,Sara Luxemburg,6,3046.53,380.81625,2015-09-20,2018-10-20,3,1
3297,Cynthia Arntzen,7,3041.58,178.91647058823528,2015-06-27,2018-08-31,3,1
3346,Carlos Soltero,11,3036.53,138.02409090909092,2015-06-07,2018-12-04,3,0
3645,Lindsay Shagiari,9,2988.65,135.84772727272727,2015-10-19,2018-12-09,3,0
3687,Michelle Huthwaite,5,2984.95,298.495,2015-07-07,2018-11-10,2,3
3452,Frank Atkinson,7,2984.05,175.53235294117647,2015-09-18,2018-09-23,3,1
3364,David Bremer,7,2973.09,212.36357142857142,2016-04-30,2018-11-11,3,1
3705,Mark Packer,6,2945.81,245.48416666666665,2015-03-29,2017-01-10,3,1
3321,Christine Kargatis,5,2945.32,245.44333333333333,2015-03-13,2018-08-31,3,1
3923,Thea Hudgings,4,2942.78,326.97555555555556,2015-09-22,2018-11-01,3,1
3650,Liz Thompson,8,2936.26,209.73285714285714,2015-05-31,2018-11-25,3,0
3239,Becky Castell,9,2933.67,162.98166666666665,2015-07-05,2018-06-10,3,0
3555,Julie Kriz,10,2932.49,172.49941176470588,2015-11-01,2018-09-03,3,0
3732,Neil Ducich,6,2893.46,361.6825,2015-02-05,2018-06-29,3,1
3715,Meg Tillman,6,2890.14,289.014,2016-11-05,2018-11-10,3,1
3253,Barry Französisch,8,2888.5,137.54761904761904,2015-02-14,2018-10-16,3,0
3693,Maris LaWare,5,2885.27,206.09071428571428,2015-11-13,2018-11-05,3,1
3411,David Smith,9,2881.8,144.09,2015-04-27,2018-12-06,3,0
3785,Paul Van Hugh,5,2876.05,221.23461538461538,2015-07-11,2018-10-01,3,1
3305,Chuck Clark,10,2870.05,151.05526315789473,2016-09-05,2018-12-29,3,0
3749,Noel Staavos,12,2857.75,124.25,2015-06-24,2018-07-08,3,0
3310,Craig Carroll,4,2854.12,237.84333333333333,2015-03-21,2016-10-22,2,3
3234,Arthur Wiediger,7,2852.95,178.309375,2015-07-13,2018-11-13,3,1
3644,Linda Southworth,6,2845.27,203.23357142857142,2016-04-24,2018-07-04,3,1
3900,Shaun Weien,6,2835.56,354.445,2016-06-21,2018-07-20,3,1
3568,Justin MacKendrick,10,2833.92,149.1536842105263,2015-04-29,2018-11-02,3,0
3804,Rob Dowd,9,2832.91,157.3838888888889,2015-04-01,2018-07-02,3,0
3356,Christina VanderZanden,5,2830.63,217.74076923076922,2015-03-27,2018-04-19,3,1
3940,Troy Staebel,7,2820.42,256.40181818181816,2015-08-15,2018-11-04,2,3
3471,Gary Hansen,9,2819.46,165.8505882352941,2015-07-08,2018-10-15,3,0
3926,Tamara Manning,7,2819.03,187.93533333333335,2015-02-20,2018-09-17,3,1
3258,Barry Gonzalez,8,2798.96,233.24666666666667,2015-11-04,2018-12-01,3,0
3913,Trudy Brown,9,2797.68,186.512,2015-08-05,2018-11-29,3,0
3243,Brian Dahlen,6,2783.19,185.546,2015-01-12,2018-09-23,3,1
3519,John Castell,9,2772.06,173.25375,2015-09-13,2018-07-24,3,0
3762,Philip Fox,6,2770.0,277.0,2015-09-19,2018-06-16,3,1
3422,Emily Burns,10,2767.22,251.56545454545454,2015-05-04,2018-09-20,3,0
3349,Chris Selesnick,12,2754.22,98.365,2015-01-12,2018-12-03,3,0
3418,Erin Ashbrook,12,2752.45,125.11136363636363,2015-09-12,2018-07-30,3,0
3699,Michelle Moray,8,2749.87,144.73,2015-04-10,2018-10-29,3,0
3805,Robert Dilbeck,4,2745.89,686.4725,2016-10-23,2018-09-06,2,3
3590,Ken Black,12,2744.74,119.33652173913043,2015-04-03,2018-05-13,3,0
3659,Marc Crier,8,2725.98,209.69076923076923,2015-09-07,2018-10-14,2,3
3561,John Lucas,6,2725.25,247.75,2015-07-21,2017-04-24,3,1
3692,Marina Lichtenstein,9,2722.84,136.142,2015-02-13,2018-10-21,3,0
3668,Maribeth Dona,6,2716.43,181.09533333333334,2015-11-04,2018-09-03,3,1
3530,Justin Ellison,3,2697.25,385.32142857142856,2017-12-04,2018-12-09,3,1
3287,Bradley Talbott,5,2684.5,268.45,2015-05-20,2018-09-29,3,1
3269,Bill Overfelt,5,2682.73,223.56083333333333,2017-01-02,2018-08-14,3,1
3462,Frank Olsen,10,2678.43,178.562,2015-06-08,2018-11-21,3,0
3437,Eva Jacobs,5,2656.69,332.08625,2015-03-02,2018-11-02,3,1
3386,Dave Kipp,7,2650.55,203.88846153846154,2016-03-01,2018-11-17,3,1
3295,Christina Anderson,8,2638.33,164.895625,2015-03-24,2018-11-03,3,0
3628,Logan Currie,9,2633.57,138.60894736842104,2015-09-08,2018-12-16,3,0
3789,Ralph Arnett,9,2617.89,153.9935294117647,2015-12-12,2018-12-24,3,0
3878,Sean O'Donnell,6,2602.58,173.50533333333334,2016-10-10,2018-11-30,3,1
3892,Stephanie Ulpright,7,2595.38,144.18777777777777,2016-12-04,2018-12-09,3,1
3490,Helen Andreada,8,2584.17,143.565,2015-10-10,2018-12-09,3,0
3191,Alejandro Grove,5,2582.9,184.49285714285713,2015-05-12,2018-03-26,3,1
3623,Lena Cacioppo,8,2580.71,86.02366666666667,2016-05-02,2018-12-02,3,0
3850,Steve Chapman,10,2576.4,184.02857142857144,2015-12-15,2018-10-01,3,0
3748,Neola Schneider,4,2575.87,171.72466666666668,2017-11-23,2018-12-23,3,1
3283,Beth Thompson,5,2567.66,285.29555555555555,2015-04-24,2018-01-27,3,1
3440,Eleni McCrary,5,2567.0,366.7142857142857,2016-06-06,2018-08-19,3,1
3724,Mary Zewe,6,2564.89,256.489,2015-04-03,2018-03-22,3,1
3281,Bruce Stewart,7,2562.38,183.02714285714285,2015-05-17,2018-12-28,3,1
3375,Deanra Eno,5,2550.87,283.43,2015-08-21,2017-01-10,3,1
3308,Corey Catlett,7,2540.63,211.71916666666667,2015-08-26,2018-11-25,3,1
3186,Ann Chong,5,2537.69,140.98277777777778,2016-09-14,2018-12-23,3,1
3330,Charles McCrossin,6,2533.32,361.90285714285716,2017-10-20,2018-12-03,3,1
3493,Herbert Flentye,7,2533.16,133.3242105263158,2015-05-25,2018-12-08,3,1
3461,Fred McMath,9,2523.26,180.23285714285714,2016-07-11,2018-08-06,3,0
3738,Nicole Hansen,6,2518.67,279.8522222222222,2016-09-18,2018-06-23,3,1
3516,Julia Barnett,5,2518.11,279.79,2016-05-02,2018-12-22,3,1
3582,Joy Smith,6,2516.49,139.805,2015-02-26,2018-12-01,3,1
3381,Don Jones,8,2501.69,192.43769230769232,2015-08-16,2018-11-11,3,0
3205,Amy Hunt,5,2495.4,311.925,2016-01-02,2018-05-13,3,1
3776,Patrick O'Donnell,7,2493.22,191.78615384615384,2015-03-22,2018-12-29,3,1
3751,Nick Zandusky,9,2488.33,124.4165,2015-08-01,2018-10-05,3,0
3701,Michael Nguyen,6,2477.94,247.794,2015-02-15,2018-11-25,3,1
3276,Beth Paige,7,2475.16,154.6975,2015-10-02,2018-12-17,2,3
3302,Charles Crestani,7,2471.65,224.69545454545454,2015-07-19,2018-09-14,3,1
3362,Darren Budd,4,2469.67,246.967,2015-11-11,2018-05-02,3,1
3864,Sally Hughsby,12,2465.68,102.73666666666666,2015-12-09,2018-11-30,3,0
3727,Nat Carroll,5,2461.41,144.78882352941176,2015-03-29,2018-05-19,2,3
3459,Filia McAdams,10,2456.64,163.776,2015-03-10,2018-12-22,3,0
3279,Brendan Sweed,6,2454.93,245.493,2015-01-13,2018-11-24,3,1
3953,Valerie Mitchum,7,2454.87,204.5725,2015-04-06,2018-11-05,2,3
3488,George Zrebassa,4,2454.62,490.924,2015-09-27,2018-07-25,3,1
3637,Lauren Leatherbury,5,2454.55,245.455,2015-04-28,2018-04-24,3,1
3656,Michelle Arnett,6,2453.29,204.44083333333333,2015-09-19,2018-06-26,3,1
3272,Bart Pistole,12,2442.05,122.1025,2015-06-06,2018-12-12,3,0
3662,Matt Collister,6,2426.07,142.71,2015-05-19,2018-11-08,3,1
3922,Thea Hendricks,5,2422.83,346.11857142857144,2015-09-26,2018-01-19,3,1
3376,David Flashing,3,2390.54,398.42333333333335,2015-10-03,2017-01-29,3,1
3961,Xylona Preis,11,2374.66,84.80928571428572,2015-01-19,2018-11-16,3,0
3322,Clytie Kelty,11,2372.75,94.91,2015-12-25,2018-11-16,3,0
3357,Cynthia Voltz,9,2370.33,124.75421052631579,2017-05-08,2018-12-24,3,0
3747,Nick Radford,5,2367.27,182.0976923076923,2015-06-06,2018-06-02,3,1
3537,Jack Garza,3,2358.66,336.95142857142855,2015-09-20,2016-12-02,3,1
3676,Maureen Gastineau,4,2350.2,235.02,2015-10-21,2018-09-28,3,1
3813,Roland Fjeld,7,2341.3,167.2357142857143,2015-08-05,2018-10-01,3,1
3441,Elizabeth Moffitt,8,2339.6,146.225,2015-12-01,2018-11-04,3,0
3326,Craig Leslie,4,2335.59,333.6557142857143,2017-04-23,2018-04-13,3,1
3365,Dean Braden,10,2332.57,111.0747619047619,2016-03-21,2018-12-20,3,0
3534,Jennifer Ferguson,5,2309.43,177.64846153846153,2015-08-21,2018-12-27,3,1
3332,Chris McAfee,5,2305.71,288.21375,2017-04-30,2017-12-09,3,1
3690,Michael Kennedy,8,2302.36,135.4329411764706,2015-11-17,2018-12-01,3,0
3634,Lena Hernandez,9,2295.32,153.02133333333333,2015-08-18,2018-12-08,3,0
3457,Fred Harton,4,2271.29,162.235,2016-08-22,2018-05-31,3,1
3309,Craig Carreira,7,2269.69,162.12071428571429,2015-12-22,2018-11-30,3,1
3249,Bobby Elias,5,2261.44,452.288,2017-02-06,2018-09-22,2,3
3608,Kalyca Meade,6,2260.95,118.99736842105263,2016-07-05,2018-12-15,3,1
3663,Matt Connell,8,2258.2,125.45555555555555,2015-03-18,2018-09-08,3,0
3545,Justin Hirsh,4,2256.39,451.278,2016-05-24,2017-11-20,3,1
3721,Maribeth Yedwab,7,2254.29,173.40692307692308,2016-10-25,2018-11-30,3,1
3939,Tony Sayre,6,2243.28,160.2342857142857,2015-12-19,2018-12-18,3,1
3539,Jason Gross,6,2240.58,203.6890909090909,2017-03-02,2018-12-27,2,3
3531,Jamie Frazer,6,2239.61,124.42277777777778,2015-11-14,2018-10-25,3,1
3651,Laurel Workman,5,2238.06,149.204,2015-05-29,2018-10-02,3,1
3219,Allen Rosenblatt,5,2236.12,319.4457142857143,2015-10-02,2018-08-26,3,1
3612,Katherine Nockton,8,2224.1,148.27333333333334,2015-12-01,2018-12-10,3,0
3470,Greg Guthrie,9,2223.99,92.66625,2015-10-30,2018-11-16,3,0
3728,Nathan Cano,6,2218.99,158.49928571428572,2015-05-02,2018-11-18,3,1
3666,Mick Crebagga,10,2218.99,116.78894736842105,2015-06-17,2018-11-18,3,0
3404,Dave Poirier,8,2214.99,158.21357142857144,2016-08-21,2018-12-23,3,0
3763,Phillip Flathmann,5,2206.12,220.612,2017-06-25,2018-09-06,3,1
3686,Maya Herman,7,2203.78,200.34363636363636,2015-05-26,2018-09-22,2,3
3558,Janet Lee,5,2203.7,220.37,2015-05-24,2018-09-01,3,1
3577,Justin Ritter,5,2201.69,220.169,2016-09-17,2018-11-26,3,1
3447,Edward Nazzal,4,2199.36,244.37333333333333,2016-05-29,2018-03-17,3,1
3908,Toby Braunhardt,6,2198.46,199.86,2015-06-20,2017-05-25,3,1
3486,Giulietta Weimer,7,2189.02,243.22444444444446,2015-02-28,2018-12-01,3,1
3284,Bill Tyler,6,2186.61,218.661,2015-10-27,2018-03-02,3,1
3781,Pamela Stobb,6,2181.48,103.88,2015-06-14,2018-09-13,3,1
3865,Shahid Hopkins,10,2180.7,145.38,2015-11-01,2018-12-06,3,0
3613,Kean Nguyen,5,2171.97,271.49625,2015-04-11,2018-11-07,3,1
3361,Daniel Byrd,8,2171.61,180.9675,2015-10-23,2018-12-08,3,0
3934,Theresa Swint,6,2163.63,127.27235294117646,2015-04-22,2017-08-12,3,1
3489,Helen Abelman,7,2163.32,216.332,2015-06-29,2018-10-21,3,1
3436,Ed Jacobs,4,2162.18,270.2725,2015-01-26,2018-03-02,3,1
3742,Neoma Murray,10,2161.98,144.132,2016-09-07,2018-04-29,3,0
3521,John Dryer,5,2152.35,307.47857142857146,2016-04-01,2018-09-03,3,1
3340,Clay Rozendal,4,2148.85,358.14166666666665,2017-04-17,2018-11-02,3,1
3684,Mark Hamilton,7,2146.69,238.5211111111111,2015-07-10,2018-07-12,3,1
3400,Duane Noonan,7,2139.79,194.52636363636364,2015-09-19,2018-05-26,3,1
3550,Jay Kimmel,7,2136.45,133.528125,2015-04-10,2018-11-15,3,1
3592,Karen Carlisle,6,2120.95,212.095,2015-09-07,2017-11-17,2,3
3866,Stefanie Holloman,2,2096.39,1048.195,2015-12-15,2016-11-25,1,3
3627,Liz Carlisle,5,2095.06,232.78444444444443,2015-01-30,2018-11-05,3,1
3818,Rob Haberlin,3,2085.74,189.61272727272728,2016-07-01,2017-07-13,3,1
3921,Trudy Glocke,4,2074.67,207.467,2015-03-30,2018-09-06,3,1
3694,Max Ludwig,7,2071.91,159.3776923076923,2017-08-03,2018-11-30,3,1
3799,Roger Barcio,4,2067.45,295.35,2016-08-21,2018-11-05,3,1
3827,Roy Phan,7,2055.35,146.81071428571428,2016-02-14,2018-12-01,2,3
3938,Tom Stivers,5,2054.14,293.4485714285714,2015-07-29,2018-07-10,3,1
3189,Art Ferguson,7,2052.91,128.306875,2016-12-05,2018-11-18,3,1
3311,Carlos Daly,5,2033.97,225.99666666666667,2015-03-23,2018-11-19,3,1
3735,Nicole Fjeld,7,2031.48,169.29,2015-04-18,2018-09-06,2,3
3380,Denny Joy,4,2012.52,402.504,2015-12-07,2017-04-01,2,3
3948,Victoria Brennan,6,2005.59,200.559,2016-07-16,2018-11-05,2,3
3359,Craig Yedwab,7,2004.08,200.408,2015-12-11,2018-10-30,3,1
3614,Kristina Nunn,7,2003.01,166.9175,2015-03-01,2018-09-22,3,1
3503,Harold Pawlan,7,1990.31,199.031,2015-05-05,2018-11-29,3,1
3370,Doug Bickford,7,1989.05,180.82272727272726,2015-09-29,2018-11-26,2,3
3765,Paul Gonzalez,9,1987.15,116.89117647058823,2015-05-10,2018-11-02,3,0
3726,Nona Balk,9,1972.61,116.03588235294117,2015-12-04,2018-12-10,3,0
3898,Scott Williamson,6,1966.65,280.95,2015-03-09,2018-11-29,3,1
3630,Lisa DeCherney,4,1961.93,280.2757142857143,2015-09-28,2017-11-10,3,1
3299,Christy Brittain,8,1949.21,162.43416666666667,2016-11-04,2018-12-03,3,0
3931,Tracy Poddar,4,1936.62,193.662,2016-02-29,2018-01-13,3,1
3570,Jas O'Carroll,6,1934.27,175.84272727272727,2015-03-30,2018-09-28,3,1
3533,Jay Fein,6,1911.84,119.49,2016-10-22,2018-09-15,3,1
3671,Max Engle,8,1908.45,146.80384615384617,2015-07-11,2018-12-01,3,0
3896,Susan Vittorini,8,1903.49,146.4223076923077,2017-03-18,2018-12-27,3,0
3596,Katherine Ducich,6,1888.96,188.896,2015-09-01,2018-11-18,3,1
3469,Giulietta Dortch,4,1888.08,314.68,2015-05-04,2018-12-24,2,3
3861,Sheri Gordon,8,1884.8,134.62857142857143,2015-07-25,2018-06-29,3,0
3643,Lisa Ryan,5,1879.3,156.60833333333332,2015-09-06,2018-08-19,3,1
3847,Shaun Chance,7,1875.0,187.5,2016-08-16,2018-11-23,3,1
3259,Brooke Gillingham,6,1874.18,234.2725,2015-05-10,2018-11-23,3,1
3881,Stephanie Phelps,9,1872.43,124.82866666666666,2015-04-15,2017-12-08,3,0
3736,Nat Gilpin,5,1869.57,116.848125,2015-11-23,2018-11-11,3,1
3795,Richard Bierner,7,1864.14,143.39538461538461,2015-03-10,2018-11-18,3,1
3314,Cynthia Delaney,5,1860.74,124.04933333333334,2015-02-01,2017-11-25,3,1
3876,Skye Norling,6,1860.42,124.028,2016-06-17,2018-09-09,2,3
3780,Patrick Ryan,5,1840.18,153.34833333333333,2015-09-04,2018-11-23,3,1
3759,Pamela Coakley,4,1832.07,366.414,2015-12-30,2018-12-27,2,3
3429,Emily Grady,5,1832.02,203.55777777777777,2016-11-01,2018-12-07,3,1
3211,Ashley Jarboe,6,1829.9,203.32222222222222,2015-03-02,2018-08-30,3,1
3730,Noah Childs,5,1821.75,202.41666666666666,2015-10-28,2018-06-08,3,1
3563,Janet Molinari,5,1804.14,138.78,2015-08-24,2018-11-22,3,1
3513,Jennifer Braxton,10,1791.62,111.97625,2015-09-13,2018-12-22,3,0
3175,Andrew Allen,4,1790.51,149.20916666666668,2015-05-03,2018-04-14,3,1
3410,Darrin Sayre,4,1762.21,92.7478947368421,2015-07-08,2018-09-27,3,1
3674,Monica Federle,5,1758.3,146.525,2015-09-14,2018-12-22,3,1
3200,Aaron Hawkins,7,1744.7,158.6090909090909,2015-04-21,2018-12-17,3,1
3636,Logan Haushalter,9,1739.69,91.56263157894738,2015-12-11,2017-12-09,3,0
3292,Ben Wallace,6,1738.41,173.841,2015-08-11,2018-06-09,3,1
3958,Valerie Takahito,2,1736.6,192.95555555555555,2015-06-05,2016-04-04,3,1
3202,Adrian Hane,7,1735.53,108.470625,2015-07-17,2018-10-30,3,1
3718,Mike Vittorini,7,1734.58,157.6890909090909,2015-01-29,2018-12-10,3,1
3564,Jessica Myrick,7,1733.45,173.345,2015-09-12,2018-09-18,3,1
3368,Denny Blanton,4,1711.69,122.26357142857142,2016-08-07,2018-06-25,3,1
3574,Julie Prescott,9,1707.71,131.3623076923077,2015-09-22,2018-09-18,3,0
3947,Tracy Zic,4,1707.28,189.6977777777778,2015-11-10,2018-11-24,3,1
3273,Becky Pak,6,1697.87,154.35181818181817,2016-06-03,2018-10-01,3,1
3682,Marc Harrigan,5,1691.5,169.15,2015-04-25,2018-03-10,3,1
3385,Darren Koutras,5,1687.03,210.87875,2015-11-23,2018-12-22,2,3
3703,Meg O'Connel,8,1687.03,153.36636363636364,2016-09-16,2018-09-16,3,0
3792,Ryan Akin,5,1686.93,187.43666666666667,2015-08-28,2018-10-29,3,1
3301,Chad Cunningham,5,1685.89,140.49083333333334,2015-12-15,2017-09-28,3,1
3294,Cathy Armstrong,5,1679.72,167.972,2016-09-04,2017-11-23,3,1
3768,Pauline Johnson,6,1677.53,239.64714285714285,2015-04-06,2018-08-17,3,1
3327,Candace McMahon,6,1673.89,167.389,2015-11-13,2018-08-20,3,1
3572,Jennifer Patt,7,1669.13,111.27533333333334,2015-08-23,2018-11-22,3,1
3329,Chad McGuire,4,1661.61,237.37285714285716,2016-03-28,2018-12-21,3,1
3306,Cindy Chapman,9,1659.45,127.65,2015-05-15,2018-11-20,3,0
3424,Erica Bern,4,1643.26,273.87666666666667,2017-01-03,2018-12-29,2,3
3236,Annie Zypern,6,1622.03,135.16916666666665,2015-03-16,2018-07-22,3,1
3711,Maurice Satty,6,1613.39,107.55933333333333,2015-03-23,2017-11-11,3,1
3907,Tim Brockman,7,1602.37,84.33526315789474,2015-12-07,2018-01-14,3,1
3342,Craig Reiter,4,1600.55,266.7583333333333,2015-08-19,2018-10-12,2,3
3203,Alan Haines,4,1587.45,198.43125,2016-03-04,2018-11-04,2,3
3256,Benjamin Farhat,4,1585.17,198.14625,2015-11-08,2018-10-25,3,1
3323,Cyma Kinney,9,1582.11,113.00785714285715,2015-02-06,2018-10-08,3,0
3667,Mike Caudle,5,1581.99,143.81727272727272,2015-09-18,2017-12-25,3,1
3557,James Lanier,5,1571.52,224.50285714285715,2015-12-30,2018-12-23,3,1
3588,Karl Braun,9,1569.45,71.33863636363637,2015-08-25,2018-03-08,3,0
3467,George Bell,11,1568.44,78.422,2015-04-27,2018-10-28,3,0
3752,Odella Nelson,9,1567.52,104.50133333333333,2015-09-12,2017-11-14,3,0
3717,Mark Van Huff,9,1560.03,104.002,2015-01-19,2018-12-02,2,3
3657,Maria Bertelson,10,1548.71,81.51105263157895,2015-08-07,2018-11-11,3,0
3244,Brian DeCherney,6,1538.12,192.265,2015-06-29,2018-10-21,3,1
3317,Cathy Hwang,3,1537.24,384.31,2016-06-24,2017-02-07,2,3
3246,Bruce Degenhardt,6,1526.5,152.65,2016-07-02,2018-09-27,2,3
3289,Benjamin Venier,5,1523.28,108.80571428571429,2016-03-25,2018-01-29,3,1
3586,Kelly Andreada,7,1519.51,138.13727272727272,2015-03-10,2018-11-23,3,1
3183,Ann Blume,4,1515.86,189.4825,2015-11-17,2018-11-09,3,1
3540,John Grady,6,1507.02,167.44666666666666,2015-04-04,2018-05-20,2,3
3965,Zuschuss Donatelli,5,1493.94,165.99333333333334,2015-08-26,2018-06-10,3,1
3331,Charlotte Melton,6,1475.14,210.7342857142857,2016-09-17,2018-12-21,3,1
3631,Laurel Elliston,6,1469.45,163.2722222222222,2015-05-26,2018-12-08,3,1
3774,Parhena Norris,8,1467.16,112.85846153846154,2016-08-06,2018-11-29,3,1
3819,Ralph Kennedy,3,1460.19,182.52375,2016-07-19,2018-09-01,3,1
3268,Bradley Nguyen,5,1459.34,85.8435294117647,2015-03-16,2018-12-20,2,3
3392,Delfina Latchford,8,1458.25,85.77941176470588,2015-01-15,2018-12-07,3,1
3757,Philip Brown,8,1456.95,132.45,2015-07-13,2018-09-23,3,1
3196,Andy Gerbode,4,1455.04,161.67111111111112,2015-08-08,2016-09-06,3,1
3821,Raymond Messe,6,1453.47,161.49666666666667,2015-05-10,2018-01-18,3,1
3599,Katrina Edelman,7,1453.28,121.10666666666667,2015-06-07,2018-12-03,3,1
3904,Ted Butterfield,4,1451.37,85.37470588235294,2017-06-16,2018-09-01,3,1
3769,Paul Knutson,2,1441.15,480.3833333333333,2015-04-03,2017-09-02,2,3
3919,Tamara Dahlen,9,1434.56,89.66,2015-05-18,2018-11-22,2,3
3585,Julia West,4,1428.73,204.1042857142857,2016-03-20,2017-09-24,1,3
3658,Mick Brown,7,1428.24,142.824,2015-01-04,2018-11-15,3,1
3943,Thomas Thornton,8,1427.05,95.13666666666667,2015-09-22,2018-06-29,3,1
3296,Christine Abelman,4,1421.96,129.26909090909092,2015-07-18,2018-12-16,3,1
3806,Roger Demir,10,1419.74,70.987,2015-07-19,2018-12-08,3,0
3195,Andrew Gjertsen,7,1419.25,101.375,2016-01-03,2018-10-12,3,1
3740,Nancy Lomonaco,4,1418.08,141.808,2015-10-30,2018-11-01,3,1
3578,Jill Stevenson,4,1417.65,177.20625,2015-03-02,2018-09-01,3,1
3772,Paul MacIntyre,3,1405.4,351.35,2015-05-03,2017-12-08,2,3
3466,Guy Armstrong,11,1398.39,63.56318181818182,2015-02-10,2018-12-24,3,0
3343,Cyra Reiten,3,1397.88,199.69714285714286,2016-01-23,2018-10-05,3,1
3737,Nathan Gelder,5,1395.94,155.10444444444445,2015-11-23,2018-11-11,2,3
3526,Jeremy Ellison,6,1388.69,106.82230769230769,2016-03-15,2018-06-19,3,1
3455,Frank Gastineau,7,1383.13,125.7390909090909,2015-05-20,2018-11-25,2,3
3399,Don Miller,3,1376.8,137.68,2015-07-04,2017-09-04,3,1
3473,Gene Hale,2,1361.24,453.74666666666667,2016-10-07,2017-12-07,2,3
3837,Sarah Bern,3,1348.02,192.5742857142857,2015-06-05,2018-06-11,2,3
3638,Liz MacKendrick,5,1346.78,192.39714285714285,2015-06-26,2017-12-03,3,1
3677,Maureen Gnade,3,1342.29,191.75571428571428,2015-12-25,2017-06-22,2,3
3868,Sarah Jordon,6,1341.04,134.104,2016-02-08,2018-11-30,3,1
3266,Bryan Mills,10,1338.82,95.63,2015-06-05,2018-05-25,3,0
3252,Barry Franz,4,1333.89,133.389,2015-09-24,2018-11-20,3,1
3886,Saphhira Shifley,8,1324.03,63.04904761904762,2015-11-22,2018-12-14,3,1
3396,Dario Medina,7,1322.03,146.89222222222222,2015-09-29,2018-09-06,2,3
3716,Michelle Tran,4,1319.44,119.94909090909091,2015-09-24,2018-06-09,3,1
3869,Shirley Jackson,5,1318.77,188.3957142857143,2015-08-30,2018-04-20,3,1
3697,Magdelene Morse,4,1314.02,219.00333333333333,2015-05-27,2018-07-14,2,3
3879,Sibella Parks,6,1306.09,130.609,2015-10-12,2018-02-05,3,1
3661,Matt Collins,8,1303.89,118.53545454545454,2015-12-01,2018-12-02,2,3
3438,Eileen Kiefer,4,1303.48,325.87,2015-03-17,2018-11-15,3,1
3337,Corey-Lock,5,1300.08,162.51,2015-06-19,2017-06-28,3,1
3401,Denny Ordway,9,1300.03,100.0023076923077,2015-10-02,2018-08-18,3,0
3482,Georgia Rosenberg,2,1284.38,256.876,2015-11-18,2015-11-20,2,3
3344,Cari Sayre,5,1278.96,159.87,2015-12-13,2018-09-29,3,1
3782,Paul Stevenson,8,1278.65,98.3576923076923,2015-04-14,2018-10-21,2,3
3895,Stuart Van,4,1271.09,211.84833333333333,2016-05-03,2018-10-14,3,1
3402,Doug O'Connell,7,1267.32,115.21090909090908,2016-11-06,2018-12-03,3,1
3324,Carl Ludwig,4,1262.01,180.28714285714287,2015-07-25,2018-09-14,3,1
3653,Liz Willingham,3,1259.04,251.808,2015-09-10,2018-06-07,3,1
3672,Michelle Ellison,4,1256.95,209.49166666666667,2015-07-20,2018-09-28,2,3
3478,Gene McClure,10,1255.68,96.59076923076923,2015-08-08,2018-09-14,3,0
3849,Steve Carroll,6,1254.64,156.83,2015-11-20,2018-08-25,3,1
3685,Matt Hagelstein,4,1252.8,208.8,2016-12-04,2018-07-27,3,1
3449,Elpida Rittenbach,3,1245.79,249.158,2016-12-20,2017-11-03,2,3
3917,Tony Chapman,9,1244.98,113.18,2015-11-21,2018-07-29,3,0
3678,Michael Grace,5,1242.84,177.54857142857142,2015-02-22,2018-09-04,2,3
3912,Troy Blackwell,4,1240.88,248.176,2015-02-17,2018-03-19,2,3
3767,Patrick Jones,8,1220.1,93.85384615384615,2015-05-27,2018-11-20,2,3
3433,Erica Hernandez,7,1219.52,110.86545454545454,2015-05-12,2018-12-27,3,1
3556,Jack Lebron,6,1214.95,101.24583333333334,2015-07-17,2018-12-21,3,1
3313,Christina DeMoss,2,1205.58,92.73692307692308,2018-11-04,2018-11-17,3,1
3669,Michael Dominguez,5,1204.91,150.61375,2015-12-01,2018-11-23,2,3
3417,Dorothy Wardle,7,1204.85,120.485,2015-08-23,2018-05-01,3,1
3426,Evan Bailliet,6,1186.33,169.47571428571428,2015-09-28,2018-10-08,2,3
3275,Benjamin Patterson,5,1181.49,196.915,2015-04-19,2018-11-20,3,1
3373,Debra Catini,5,1174.62,167.80285714285714,2015-12-28,2018-12-06,3,1
3231,Alyssa Tate,5,1166.07,145.75875,2015-12-26,2018-12-08,3,1
3745,Nora Pelletier,5,1164.73,194.12166666666667,2015-03-06,2017-11-18,3,1
3575,Jim Radford,2,1156.66,385.55333333333334,2016-12-23,2017-05-15,2,3
3371,Duane Benoit,7,1155.21,115.521,2015-06-16,2018-12-17,3,1
3316,Claire Gute,3,1148.78,229.756,2016-10-14,2018-01-25,2,3
3594,Kimberly Carter,4,1146.05,163.72142857142856,2015-12-12,2018-11-02,2,3
3807,Ross DeVincentis,8,1137.61,71.100625,2015-10-26,2018-12-15,3,1
3358,Carl Weiss,6,1136.59,103.32636363636364,2015-06-08,2018-12-07,2,3
3412,Darrin Van Huff,5,1119.48,124.38666666666667,2017-06-11,2018-12-10,3,1
3181,Alan Barnes,8,1113.85,79.56071428571428,2015-11-15,2018-12-04,3,1
3927,Tony Molinari,3,1094.68,273.67,2018-03-29,2018-08-21,3,1
3571,Jesus Ocampo,5,1090.85,99.16818181818182,2016-03-18,2018-05-28,2,3
3897,Scot Wooten,7,1085.06,108.506,2015-07-19,2018-10-09,3,1
3367,Dennis Bolton,5,1081.47,180.245,2015-11-18,2018-04-09,3,1
3414,David Wiener,6,1080.76,120.08444444444444,2015-01-17,2018-10-21,3,1
3760,Pauline Chand,2,1061.49,353.83,2015-04-07,2016-07-31,2,3
3405,David Philippe,2,1058.62,264.655,2015-12-01,2016-10-09,3,1
3518,Jenna Caffey,1,1058.11,264.5275,2018-07-07,2018-07-07,3,1
3778,Phillina Ober,5,1056.85,105.685,2015-01-03,2018-10-04,3,1
3174,Allen Armold,9,1056.39,70.426,2015-04-20,2018-12-10,3,0
3957,Vivek Sundaresam,4,1055.99,131.99875,2015-01-06,2018-05-22,3,1
3218,Alex Russell,4,1055.69,211.138,2015-12-29,2018-09-09,3,1
3584,Joni Wasserman,6,1049.24,104.924,2016-08-15,2018-12-24,3,1
3379,Duane Huffman,4,1043.09,94.82636363636364,2015-08-11,2016-11-14,3,1
3874,Susan MacKendrick,1,1043.05,173.84166666666667,2017-05-02,2017-05-02,3,1
3444,Eudokia Martin,4,1041.04,104.104,2016-08-06,2018-09-07,2,3
3915,Theresa Coyne,1,1038.26,259.565,2018-09-14,2018-09-14,3,1
3691,Mike Kennedy,4,1031.6,93.78181818181818,2015-12-18,2018-05-03,2,3
3924,Tiffany House,8,1022.21,78.63153846153845,2015-11-03,2018-09-03,3,1
3899,Sean Wendt,3,1019.04,169.84,2017-04-08,2018-07-20,2,3
3646,Luke Schmidt,6,1010.25,72.16071428571429,2015-10-17,2018-09-24,2,3
3793,Randy Bradley,2,1008.2,168.03333333333333,2015-11-16,2018-10-22,3,1
3648,Lynn Smith,6,1008.14,84.01166666666667,2015-10-15,2018-11-25,3,1
3260,Bruce Geld,6,1006.35,143.7642857142857,2015-03-22,2018-11-02,3,1
3955,Victor Preis,3,993.9,198.78,2016-07-04,2018-11-29,2,3
3579,Jim Sink,3,990.2,110.02222222222223,2017-06-13,2018-11-17,3,1
3591,Ken Brennan,7,983.93,109.32555555555555,2015-12-29,2018-12-28,3,1
3271,Barry Pond,5,983.42,140.48857142857142,2015-10-11,2018-10-07,2,3
3936,Toby Swindell,5,974.78,81.23166666666667,2015-01-18,2018-05-17,2,3
3809,Russell D'Ascenzo,4,970.95,97.095,2015-10-02,2018-11-17,3,1
3353,Cindy Schnelling,4,970.11,121.26375,2016-01-11,2017-10-31,3,1
3180,Aimee Bixby,5,966.71,80.55916666666667,2015-03-04,2018-11-18,3,1
3801,Roy Collins,6,966.41,96.641,2015-12-04,2017-12-25,3,1
3890,Sung Shariari,5,964.63,64.30866666666667,2015-12-13,2018-08-31,3,1
3421,Ellis Ballard,4,964.45,137.77857142857144,2015-05-29,2018-09-30,2,3
3543,Jonathan Howell,7,959.48,106.60888888888888,2016-06-11,2018-11-18,3,1
3532,Jason Fortune-,5,955.12,68.22285714285714,2015-03-13,2018-05-18,3,1
3825,Rachel Payne,4,954.64,79.55333333333333,2015-10-18,2017-08-20,3,1
3282,Bryan Spruell,2,949.43,118.67875,2016-09-25,2018-04-08,1,3
3423,Eric Barreto,5,944.6,134.94285714285715,2015-02-01,2018-07-21,3,1
3504,Hallie Redmond,4,940.59,188.118,2015-02-28,2018-12-16,3,1
3814,Roy Französisch,7,938.86,93.886,2015-11-11,2018-12-23,3,1
3673,Maureen Fritzler,5,937.05,117.13125,2015-12-29,2017-11-03,2,3
3442,Eric Murdock,5,933.7,155.61666666666667,2016-09-30,2018-07-31,2,3
3184,Alyssa Crouse,3,925.8,185.16,2015-07-11,2018-05-11,2,3
3435,Evan Henry,6,923.88,115.485,2015-05-21,2018-09-15,2,3
3702,Mary O'Rourke,4,922.49,184.498,2015-11-27,2018-10-18,3,1
3182,Alejandro Ballentine,9,914.53,65.32357142857143,2015-07-21,2018-07-16,3,0
3589,Katrina Bavinger,3,908.82,100.98,2016-11-19,2018-09-03,3,1
3598,Ken Dana,4,907.16,129.59428571428572,2017-04-29,2018-03-15,2,3
3315,Catherine Glotzbach,6,904.48,100.49777777777778,2016-05-31,2018-11-10,2,3
3514,Joni Blumstein,3,900.55,112.56875,2015-12-04,2016-12-23,3,1
3403,Darren Powers,8,897.52,59.834666666666664,2015-01-02,2018-08-25,3,1
3535,Jeremy Farry,10,890.95,63.63928571428571,2015-10-18,2018-08-30,2,3
3507,Henia Zydlo,5,886.52,147.75333333333333,2017-03-13,2018-11-24,3,1
3177,Aaron Bergman,3,886.15,147.69166666666666,2015-02-17,2017-11-09,3,1
3347,Chad Sievert,4,884.64,126.37714285714286,2015-08-04,2017-08-27,3,1
3870,Sally Knutson,3,883.41,176.682,2017-11-27,2018-12-21,2,3
3566,Jim Mitchum,5,864.95,72.07916666666667,2015-04-07,2018-12-21,3,1
3576,Jocasta Rupert,1,863.88,863.88,2018-10-22,2018-10-22,1,3
3190,Art Foster,4,861.57,123.08142857142857,2015-05-09,2017-11-09,3,1
3520,Julie Creighton,5,858.57,95.39666666666666,2015-11-17,2018-11-02,3,1
3714,Michael Stewart,6,855.12,77.73818181818181,2015-06-29,2018-12-03,3,1
3950,Vicky Freymann,5,847.95,77.08636363636364,2015-02-28,2018-12-16,2,3
3951,Vivek Gonzalez,6,846.02,105.7525,2015-08-07,2018-07-28,3,1
3348,Charles Sheldon,5,844.46,105.5575,2015-08-11,2018-05-11,2,3
3909,Todd Boyes,5,834.33,64.17923076923077,2017-01-24,2018-08-05,3,1
3230,Ann Steele,7,833.41,69.45083333333334,2015-07-31,2018-09-28,3,1
3432,Erica Hackney,6,825.95,103.24375,2015-01-14,2017-11-19,3,1
3906,Thomas Brumley,4,816.17,204.0425,2015-12-26,2018-11-10,2,3
3213,Alice McCarthy,5,814.01,67.83416666666666,2015-10-05,2018-12-01,3,1
3264,Brendan Murry,6,808.16,80.816,2016-09-14,2018-09-20,3,1
3848,Sonia Cooley,4,799.8,133.3,2015-06-15,2018-09-28,2,3
3387,David Kendrick,2,797.83,159.566,2015-12-04,2018-12-19,2,3
3664,Matthew Clasen,4,795.15,99.39375,2015-11-27,2018-06-23,2,3
3257,Beth Fritzler,3,791.99,197.9975,2015-03-21,2018-11-02,3,1
3494,Harry Greene,5,785.62,78.562,2015-04-28,2018-11-05,2,3
3679,Michael Granlund,9,776.39,59.722307692307695,2015-12-28,2018-09-21,3,0
3700,Muhammed MacIntyre,9,775.41,64.6175,2015-01-19,2018-10-05,3,0
3857,Sandra Flanagan,7,763.54,84.83777777777777,2015-09-09,2018-10-31,2,3
3901,Steven Ward,2,758.69,94.83625,2015-11-01,2017-07-13,3,1
3640,Liz Pelletier,4,756.6,84.06666666666666,2015-06-23,2018-11-19,2,3
3395,Dorris liebe,5,755.6,125.93333333333334,2015-03-29,2018-09-01,2,3
3492,Harold Engle,3,755.46,94.4325,2017-01-29,2018-12-17,3,1
3250,Brad Eason,5,748.03,74.803,2016-08-01,2017-09-04,3,1
3508,Ivan Gibson,4,744.57,106.36714285714285,2015-10-17,2018-10-19,1,3
3237,Barry Blumstein,5,744.33,93.04125,2015-07-26,2018-09-15,2,3
3918,Tracy Collins,7,742.55,74.255,2015-11-02,2018-12-25,3,1
3695,Michelle Lonsdale,3,742.08,185.52,2018-03-25,2018-10-11,3,1
3817,Ritsa Hightower,2,740.39,246.79666666666665,2016-12-03,2017-07-28,1,3
3755,Patrick Bzostek,3,740.36,74.036,2016-11-19,2018-12-04,3,1
3206,Angele Hood,4,738.5,147.7,2015-10-25,2018-12-08,3,1
3502,Henry MacAllister,4,736.28,105.18285714285715,2016-10-01,2018-04-26,3,1
3766,Patricia Hirasaki,1,729.65,364.825,2018-10-20,2018-10-20,1,3
3754,Pete Armstrong,6,729.41,104.20142857142856,2015-05-16,2018-09-17,2,3
3546,Jennifer Jackson,5,709.17,118.195,2016-03-04,2017-09-02,2,3
3524,Julia Dunbar,3,695.44,115.90666666666667,2015-09-23,2018-03-04,2,3
3756,Peter Bühler,4,688.33,137.666,2015-11-14,2018-11-02,2,3
3431,Eric Hoffmann,8,684.18,40.24588235294117,2015-07-01,2018-05-26,3,1
3932,Toby Ritter,5,675.94,96.56285714285714,2015-11-30,2018-06-19,3,1
3811,Richard Eichhorn,4,666.52,111.08666666666667,2016-08-14,2018-03-02,3,1
3193,Alex Grayson,5,660.97,73.44111111111111,2017-08-02,2018-12-21,3,1
3262,Berenike Kampe,6,659.15,41.196875,2015-08-02,2018-10-13,3,1
3247,Bryan Davis,6,658.46,65.846,2017-03-09,2018-02-05,3,1
3187,Anna Chung,5,657.31,109.55166666666666,2015-10-14,2018-03-22,3,1
3802,Ryan Crowe,4,652.64,81.58,2015-08-24,2018-09-10,3,1
3233,Anthony Witt,4,649.37,81.17125,2016-04-12,2018-12-09,3,1
3639,Lori Olson,5,644.35,71.59444444444445,2016-02-05,2018-12-27,3,1
3515,Joy Bell-,7,644.12,92.01714285714286,2017-01-09,2018-11-16,2,3
3312,Carol Darley,3,639.76,106.62666666666667,2017-11-23,2018-11-05,3,1
3708,Mathew Reese,4,639.18,106.53,2015-09-02,2018-08-26,3,1
3212,Astrea Jones,3,629.25,125.85,2015-09-13,2018-10-16,1,3
3828,Ralph Ritter,2,615.93,153.9825,2017-11-13,2018-12-10,2,3
3888,Shirley Schmidt,3,613.4,102.23333333333333,2015-07-13,2017-08-25,3,1
3285,Bobby Trafton,4,603.87,86.26714285714286,2015-06-03,2017-06-17,2,3
3251,Barbara Fisher,7,599.79,46.137692307692305,2015-07-13,2018-09-29,2,3
3723,Maria Zettner,4,593.61,98.935,2016-11-07,2018-11-29,3,1
3393,Denise Leinenbach,4,585.02,73.1275,2015-06-22,2018-11-02,3,1
3245,Brian Derr,3,582.65,116.53,2015-10-04,2018-12-20,3,1
3739,Neil Knudson,7,572.05,52.00454545454546,2016-05-27,2018-10-20,2,3
3328,Carlos Meador,2,565.39,141.3475,2016-09-23,2017-01-21,3,1
3352,Chuck Sachs,2,550.64,91.77333333333333,2018-07-02,2018-12-02,3,1
3216,Anne Pryor,6,545.93,54.593,2015-03-02,2018-11-18,3,1
3345,Cari Schnelling,6,537.63,76.80428571428571,2015-05-01,2018-07-20,2,3
3542,John Huston,6,528.92,66.115,2015-05-18,2018-07-08,3,1
3797,Rob Beeghly,5,528.53,58.72555555555556,2017-04-27,2018-12-04,3,1
3228,Alan Shonely,5,503.98,50.398,2015-03-14,2018-06-20,2,3
3235,Andy Yotov,4,497.02,49.702,2015-04-05,2018-12-15,3,1
3341,Corey Roper,3,475.9,118.975,2015-05-31,2017-09-15,2,3
3710,MaryBeth Skach,4,475.66,67.95142857142856,2015-11-03,2017-10-21,3,1
3581,Joni Sundaresam,5,469.16,58.645,2015-05-02,2017-09-22,2,3
3427,Erin Creighton,5,461.91,65.98714285714286,2015-12-16,2018-11-06,3,1
3610,Khloe Miller,5,453.54,50.39333333333333,2015-12-21,2018-12-14,3,1
3619,Kelly Williams,4,449.1,89.82,2015-09-29,2016-11-19,3,1
3390,Dan Lawera,7,444.02,63.43142857142857,2015-06-28,2018-09-20,2,3
3944,Tim Taslimi,3,439.5,146.5,2016-08-14,2017-11-18,1,3
3891,Shui Tom,7,433.34,36.111666666666665,2015-02-13,2018-08-26,3,1
3889,Sonia Sunley,6,418.49,46.49888888888889,2015-08-04,2017-10-23,2,3
3952,Vivek Grady,4,418.43,83.686,2015-09-21,2017-08-25,2,3
3286,Brad Thomas,2,415.2,138.4,2016-12-26,2017-03-10,2,3
3683,Mark Haberlin,4,400.02,44.446666666666665,2015-02-03,2017-12-18,2,3
3290,Barry Weirich,3,385.51,128.50333333333333,2015-05-24,2018-05-31,2,3
3523,Joy Daniels,6,385.43,35.03909090909091,2015-10-03,2018-09-08,2,3
3549,Jason Klamczynski,3,383.81,95.9525,2015-11-20,2018-03-17,2,3
3954,Vivian Mathis,5,380.69,47.58625,2015-03-21,2018-09-03,2,3
3734,Neil Französisch,4,377.17,94.2925,2015-03-13,2017-07-22,2,3
3713,Melanie Seite,4,370.34,74.068,2015-01-08,2017-10-03,3,1
3647,Lycoris Saunders,3,368.88,61.48,2015-01-05,2016-11-13,2,3
3192,Aleksandra Gannaway,4,367.55,73.51,2015-04-25,2018-09-02,2,3
3446,Evan Minnotte,3,366.83,91.7075,2016-12-19,2018-07-24,3,1
3498,Heather Jas,5,358.1,59.68333333333333,2016-04-12,2018-08-25,2,3
3416,Don Weiss,5,344.08,38.23111111111111,2017-02-26,2018-09-22,2,3
3649,Larry Tron,3,329.87,109.95666666666666,2015-08-31,2018-12-03,2,3
3242,Brendan Dodson,2,320.54,80.135,2016-05-29,2018-03-26,2,3
3635,Lisa Hazard,4,318.23,53.038333333333334,2015-09-07,2018-05-04,3,1
3541,Jennifer Halladay,4,309.29,44.184285714285714,2015-02-23,2018-12-24,3,1
3565,Jill Matthias,5,303.94,43.42,2017-04-13,2018-12-29,2,3
3334,Chuck Magee,3,288.0,32.0,2015-06-08,2017-10-19,2,3
3633,Larry Hughes,3,287.43,95.81,2015-09-20,2018-07-31,2,3
3853,Stuart Calhoun,4,279.25,55.85,2016-12-10,2018-11-29,2,3
3725,Nicole Brennan,2,273.87,136.935,2015-09-25,2015-10-21,2,3
3254,Bart Folk,3,272.95,45.49166666666667,2015-11-27,2018-12-04,1,3
3374,Dorothy Dickinson,6,269.53,29.947777777777777,2015-03-30,2018-11-18,2,3
3267,Brad Norvell,4,265.31,44.218333333333334,2015-09-11,2018-12-05,2,3
3220,Andrew Roberts,5,264.87,37.83857142857143,2015-05-01,2018-12-15,2,3
3491,Harold Dahlen,3,251.36,35.90857142857143,2015-05-10,2016-11-21,1,3
3872,Sally Matthias,4,244.49,40.748333333333335,2015-11-22,2017-11-03,2,3
3771,Paul Lucas,5,239.49,29.93625,2015-10-31,2018-12-14,3,1
3481,Guy Phonely,2,236.53,47.306,2015-04-05,2016-11-25,1,3
3443,Erin Mull,4,228.99,38.165,2015-07-21,2018-11-12,3,1
3485,Guy Thornton,4,226.43,32.347142857142856,2016-02-17,2018-11-25,2,3
3798,Robert Barroso,5,221.09,31.584285714285713,2015-08-22,2017-03-21,3,1
3497,Hilary Holden,2,218.67,36.445,2015-08-28,2018-10-18,2,3
3194,Allen Goldenen,5,200.95,25.11875,2015-04-18,2018-09-06,2,3
3547,Joel Jenkins,2,195.0,65.0,2016-10-04,2016-12-07,2,3
3198,Anthony Garverick,4,170.59,34.118,2015-09-16,2018-10-13,1,3
3696,Muhammed Lee,2,162.23,54.07666666666667,2016-05-30,2018-09-20,2,3
3215,Anthony O'Donnell,1,161.28,161.28,2017-08-15,2017-08-15,1,3
3784,Pete Takahito,3,158.47,26.411666666666665,2015-09-11,2018-10-19,2,3
3360,Dianna Arnett,4,156.76,19.595,2015-04-24,2018-01-11,3,1
3704,Michael Oakman,2,154.29,38.5725,2016-04-01,2018-07-02,2,3
3474,Greg Hansen,2,146.94,48.98,2016-11-16,2018-12-27,2,3
3758,Phillip Breyer,2,132.74,66.37,2015-11-22,2017-02-10,2,3
3270,Bobby Odegard,2,130.83,65.415,2016-09-09,2018-10-15,1,3
3439,Ed Ludwig,2,124.28,62.14,2017-04-21,2018-10-13,2,3
3307,Clay Cheatham,3,113.84,28.46,2018-06-14,2018-12-02,2,3
3823,Roland Murray,1,98.35,49.175,2018-03-05,2018-03-05,2,3
3615,Karen Seio,3,88.47,22.1175,2016-01-12,2018-03-09,2,3
3222,Anemone Ratner,1,88.15,44.075,2017-07-13,2017-07-13,2,3
3464,Fred Wasserman,3,79.75,26.583333333333332,2016-03-21,2018-01-01,2,3
3517,Jasper Cacioppo,4,71.27,17.8175,2015-01-27,2018-09-06,2,3
3226,Adrian Shami,2,58.82,19.606666666666666,2017-11-12,2018-11-18,2,3
3621,Larry Blacks,3,50.19,16.73,2017-07-24,2018-11-11,2,3
3510,Ionia McGrath,2,48.4,24.2,2015-01-22,2017-11-15,1,3
3810,Ricardo Emerson,1,48.36,48.36,2015-12-28,2015-12-28,1,3
3863,Susan Gilcrest,3,47.95,9.59,2015-03-29,2018-05-17,1,3
3832,Roy Skaria,2,22.33,7.443333333333333,2017-06-06,2018-12-10,1,3
3681,Mitch Gastineau,1,16.74,8.37,2018-04-09,2018-04-09,2,3
3318,Carl Jackson,1,16.52,16.52,2017-12-29,2017-12-29,1,3
3854,Sung Chung,1,14.11,14.11,2017-11-10,2017-11-10,1,3
3629,Lela Donovan,1,5.3,5.3,2017-06-25,2017-06-25,1,3
3933,Thais Sissman,2,4.84,2.42,2016-07-18,2018-01-06,1,3
